name,id,popularity,followers,genres,spotify_url
Eminem,7dGJo4pcD2V6oG8kP0tJRR,92,100519828,"rap, hip hop",https://open.spotify.com/artist/7dGJo4pcD2V6oG8kP0tJRR
Hans Zimmer,0YC192cP3KPCRWx8zr8MfZ,79,4524416,soundtrack,https://open.spotify.com/artist/0YC192cP3KPCRWx8zr8MfZ
2Pac,1ZwdS5xdxEREPySFridCfh,82,21431219,"gangster rap, west coast hip hop, g-funk, hip hop",https://open.spotify.com/artist/1ZwdS5xdxEREPySFridCfh
Dua Lipa,6M2wZ9GZgrQXHCFfjv46we,89,46008878,pop,https://open.spotify.com/artist/6M2wZ9GZgrQXHCFfjv46we
Lady Gaga,1HY2Jd0NmPuamShAr6KMms,94,37780887,"art pop, pop",https://open.spotify.com/artist/1HY2Jd0NmPuamShAr6KMms
Hunee,6uElH4moADg7AGB3DCGOwy,29,43982,lo-fi house,https://open.spotify.com/artist/6uElH4moADg7AGB3DCGOwy
Hugo LX,2seENlEi5S6kopQzmVyOzn,12,1802,nu disco,https://open.spotify.com/artist/2seENlEi5S6kopQzmVyOzn
DOUDOU,0ctojL7wBYi3YJ4mNWeXcC,36,18155,"chinese indie, gufeng, chinese rock, c-pop",https://open.spotify.com/artist/0ctojL7wBYi3YJ4mNWeXcC
Ferro Gaita,1MT6RYDsl8nq9UDhNiwjqV,27,14890,"kizomba, kuduro",https://open.spotify.com/artist/1MT6RYDsl8nq9UDhNiwjqV
Gesloten Cirkel,7J2HcD2wGXZdmTwCIfx1dX,19,9471,breakbeat,https://open.spotify.com/artist/7J2HcD2wGXZdmTwCIfx1dX
Identified Patient,7f8YjXIXYXMDWaYCICYUUD,19,17796,"ebm, industrial",https://open.spotify.com/artist/7f8YjXIXYXMDWaYCICYUUD
Jasmine Thompson,2TL8gYTNgD6nXkyuUdDrMg,68,876150,,https://open.spotify.com/artist/2TL8gYTNgD6nXkyuUdDrMg
Josh Tweek,5wH08cebmN0Q2nwTs8oyFw,0,337,,https://open.spotify.com/artist/5wH08cebmN0Q2nwTs8oyFw
Ms. Lauryn Hill,2Mu5NfyYm8n5iTomuKAEHl,74,3319410,neo soul,https://open.spotify.com/artist/2Mu5NfyYm8n5iTomuKAEHl
Legowelt,0cG9dZ6X8YfLeGe24QWMwM,35,45649,"electroclash, idm, lo-fi house, acid house, minimal techno",https://open.spotify.com/artist/0cG9dZ6X8YfLeGe24QWMwM
Mary Lake,5bhoVKF8eORLen5Ls4ErRq,11,1355,,https://open.spotify.com/artist/5bhoVKF8eORLen5Ls4ErRq
Parrish Smith,5w7TOAEvABipEVEyVPdB6u,15,4174,ebm,https://open.spotify.com/artist/5w7TOAEvABipEVEyVPdB6u
REISS,3BSkPwyf7Wb9mY3xFijUiq,22,3082,,https://open.spotify.com/artist/3BSkPwyf7Wb9mY3xFijUiq
Samuel Deep,4vvqJy4SLEx3s70rv5pO6T,12,2211,"tech house, chicago house",https://open.spotify.com/artist/4vvqJy4SLEx3s70rv5pO6T
Sweely,1SYJDHr7kjUL4LlfK1jJ9m,45,44022,"lo-fi house, jazz house, house, acid house",https://open.spotify.com/artist/1SYJDHr7kjUL4LlfK1jJ9m
The Ghost Inside,6kQB2RN7WwryMdJ1MoQh1E,55,381954,"metalcore, melodic hardcore, hardcore, deathcore, post-hardcore, metal",https://open.spotify.com/artist/6kQB2RN7WwryMdJ1MoQh1E
Allatt,7FO6WEpveHdKrSfvAVY9Yb,0,11,,https://open.spotify.com/artist/7FO6WEpveHdKrSfvAVY9Yb
Blasha & Allatt,6RdNGMvTyeHLZs4Bv3o9UT,11,1581,,https://open.spotify.com/artist/6RdNGMvTyeHLZs4Bv3o9UT
Cinnaman,2UHOxilPkRsyFp4EQu8Sq4,12,2334,,https://open.spotify.com/artist/2UHOxilPkRsyFp4EQu8Sq4
Delano Legito,3X7CP7vFQAu6vKRjPIEnIe,8,647,,https://open.spotify.com/artist/3X7CP7vFQAu6vKRjPIEnIe
Kamma,775xcuXzPW9p8TODycEul0,13,752,disco house,https://open.spotify.com/artist/775xcuXzPW9p8TODycEul0
Maren Morris,6WY7D3jk8zTrHtmkqqo5GI,71,861193,country,https://open.spotify.com/artist/6WY7D3jk8zTrHtmkqqo5GI
Masalo,6kFJNl3ISQSkOq2iS0Lk53,27,4032,"italo dance, italo disco",https://open.spotify.com/artist/6kFJNl3ISQSkOq2iS0Lk53
N3NA,4GovPEsYSE5kM8j2xpJv3i,4,1132,moombahton,https://open.spotify.com/artist/4GovPEsYSE5kM8j2xpJv3i
Naone,1YFDpUPAsOO9nEMmLSI0AP,9,1012,acid house,https://open.spotify.com/artist/1YFDpUPAsOO9nEMmLSI0AP
Stephanie Sykes,0Q6dRCEC8zbkt629wKltea,7,2396,techno,https://open.spotify.com/artist/0Q6dRCEC8zbkt629wKltea
Sunil Sharpe,3ICTnwDblBaSha7SS6wgCN,4,2502,"acid techno, techno",https://open.spotify.com/artist/3ICTnwDblBaSha7SS6wgCN
Young Marco,7zpN81tVvPwlHcJSkSCyRa,39,32067,,https://open.spotify.com/artist/7zpN81tVvPwlHcJSkSCyRa
Hyperaktivist,4m0WESduLSPdOjzFHykKl9,4,299,,https://open.spotify.com/artist/4m0WESduLSPdOjzFHykKl9
JEANS,0DDSIEFdF59I8nqLuHYHij,4,794,breakbeat,https://open.spotify.com/artist/0DDSIEFdF59I8nqLuHYHij
KI/KI,0UMs6dTf23FC2fHc40fXNS,48,51938,"hard house, acid techno, trance, techno",https://open.spotify.com/artist/0UMs6dTf23FC2fHc40fXNS
Himera,1Vi0Dq6hC56i3a6eVA9Y6g,31,20200,hyperpop,https://open.spotify.com/artist/1Vi0Dq6hC56i3a6eVA9Y6g
Sassy J,2nqNqUIX7Vp8txD1mSJl7S,0,1064,,https://open.spotify.com/artist/2nqNqUIX7Vp8txD1mSJl7S
Showband Takostu,561w5kMi7djaZSseF9vRvO,0,38,,https://open.spotify.com/artist/561w5kMi7djaZSseF9vRvO
Visceral Rain,0iXGgjkn97AolhD6yR3FbO,54,596,,https://open.spotify.com/artist/0iXGgjkn97AolhD6yR3FbO
Beste Hira,2hV9DetVwApAerLu0cyu36,13,1605,,https://open.spotify.com/artist/2hV9DetVwApAerLu0cyu36
Kybba,5I8OAPN5jY1wvHwpnsRRsA,62,190923,"shatta, dancehall, moombahton",https://open.spotify.com/artist/5I8OAPN5jY1wvHwpnsRRsA
CyberSex,5RaEN6D37lK1bOcgRA5pXO,6,1180,"deathstep, riddim, dubstep, bass music",https://open.spotify.com/artist/5RaEN6D37lK1bOcgRA5pXO
Nobu,5yuxqGyvuCkRY8X53yVy5u,35,17924,,https://open.spotify.com/artist/5yuxqGyvuCkRY8X53yVy5u
Stanley Chiloane,6N3GQtsL7bBEYgGj7Kbozz,3,4,,https://open.spotify.com/artist/6N3GQtsL7bBEYgGj7Kbozz
Talismann,6EbNaM2bFGGDaPKTNG1PT2,17,5648,techno,https://open.spotify.com/artist/6EbNaM2bFGGDaPKTNG1PT2
Wata Igarashi,7ug2B8FOnKHqwtVlD9vrQX,27,15863,dub techno,https://open.spotify.com/artist/7ug2B8FOnKHqwtVlD9vrQX
Woody,4fwqMEjaDoOZXWFpZAFwXf,29,4160,,https://open.spotify.com/artist/4fwqMEjaDoOZXWFpZAFwXf
Ben Buitendijk,4dNXn22Z6Qs36TfjtjW4ii,15,6136,"dub techno, acid techno, minimal techno, dub",https://open.spotify.com/artist/4dNXn22Z6Qs36TfjtjW4ii
Donato Dozzy,2LmP2eHIAmprDBQfi4jiBC,33,49700,"dub techno, minimal techno, ambient",https://open.spotify.com/artist/2LmP2eHIAmprDBQfi4jiBC
GiGi FM,2I64l1qh83iqkQ3cLRGcPi,27,3981,dub techno,https://open.spotify.com/artist/2I64l1qh83iqkQ3cLRGcPi
julie,3VNzWLePg9jTvQ2ximYOzW,56,359182,shoegaze,https://open.spotify.com/artist/3VNzWLePg9jTvQ2ximYOzW
Marco Shuttle,2DqPerh6whhlts8Pb0BUJi,18,7402,dub techno,https://open.spotify.com/artist/2DqPerh6whhlts8Pb0BUJi
Korolova,0I6oCyQQ1Q50q97y9B9gAx,58,202287,"melodic techno, melodic house, progressive house",https://open.spotify.com/artist/0I6oCyQQ1Q50q97y9B9gAx
Flits,27zkecqd2CHGbs1laS4iZO,17,1999,techno,https://open.spotify.com/artist/27zkecqd2CHGbs1laS4iZO
Patrick Mason,32H97VEM4nTqJsJgdt3hDg,21,9522,,https://open.spotify.com/artist/32H97VEM4nTqJsJgdt3hDg
Spekki Webu,0FbMK8UG7nEele2cAZgGFv,11,1920,,https://open.spotify.com/artist/0FbMK8UG7nEele2cAZgGFv
Adiel,1yetl1fEx0mE16k164jXvw,23,13082,"dub techno, techno",https://open.spotify.com/artist/1yetl1fEx0mE16k164jXvw
Alex (TOK),3hTRyxaN0zihxgQ6dJei9r,35,549,"moombahton, dancehall",https://open.spotify.com/artist/3hTRyxaN0zihxgQ6dJei9r
Jamaica Suk,5LeWZsLNESW0TzNIiWkIWN,4,1841,,https://open.spotify.com/artist/5LeWZsLNESW0TzNIiWkIWN
Kléo,2yX5i94Hz5sp9Ltc809M0A,3,293,,https://open.spotify.com/artist/2yX5i94Hz5sp9Ltc809M0A
Party DJ&apos;s For Xmas,5KA1jW3NGR34iFP9xHiNeK,0,3,,https://open.spotify.com/artist/5KA1jW3NGR34iFP9xHiNeK
Paul Laurens,2sFp1zLAeMQuthAg5L3nOk,11,2132,techno,https://open.spotify.com/artist/2sFp1zLAeMQuthAg5L3nOk
Tripeo,0UWHroDmh9eZxU6uu6V3y2,3,1517,techno,https://open.spotify.com/artist/0UWHroDmh9eZxU6uu6V3y2
Wendel Sield,0wAIGy1x2050z4sUa0nKTe,1,86,lo-fi house,https://open.spotify.com/artist/0wAIGy1x2050z4sUa0nKTe
Afra,4TofTRvEUQsznrSPnYnHx9,62,67322,turkish pop,https://open.spotify.com/artist/4TofTRvEUQsznrSPnYnHx9
Alex Ranzino,7jGYBagwyep7YPsQ9b3vyx,12,692,hard house,https://open.spotify.com/artist/7jGYBagwyep7YPsQ9b3vyx
Binh,6STA0SHS2IXsnePZ8RZ0z9,2,523,minimal techno,https://open.spotify.com/artist/6STA0SHS2IXsnePZ8RZ0z9
Combined Type,3JxCiFIH6U69pydJBkCN3Q,0,29,,https://open.spotify.com/artist/3JxCiFIH6U69pydJBkCN3Q
Herra,09YYxZN17MIqP0ceYKmgla,5,215,,https://open.spotify.com/artist/09YYxZN17MIqP0ceYKmgla
Jensen Interceptor,30eE9RmXxzCcZKTf4N2O0e,32,24329,"breakbeat, ebm, miami bass, acid techno, electro, acid house",https://open.spotify.com/artist/30eE9RmXxzCcZKTf4N2O0e
Quest Pistols,21bKsZrHsq3UcdHgeaKH2l,49,103200,,https://open.spotify.com/artist/21bKsZrHsq3UcdHgeaKH2l
Spokenn,74SeFRJHDlYj3c5p8lBwBQ,0,14,,https://open.spotify.com/artist/74SeFRJHDlYj3c5p8lBwBQ
Tensnake,75nC6MXUalYZSOd7OfNkwq,54,99545,"nu disco, deep house, disco house",https://open.spotify.com/artist/75nC6MXUalYZSOd7OfNkwq
Spray,7AyNPhiTjEsBF4HBBW4gDf,30,6788,"acid house, hard house, progressive house",https://open.spotify.com/artist/7AyNPhiTjEsBF4HBBW4gDf
Alberta Balsam,5FnNfyN38fMnym4lVqyMWO,12,1392,idm,https://open.spotify.com/artist/5FnNfyN38fMnym4lVqyMWO
Anoushka Shankar,6MTByljF8u5omBltY2VKPU,48,276941,,https://open.spotify.com/artist/6MTByljF8u5omBltY2VKPU
Comrade Winston,0SqGJRXoeyljUgN43YWbRk,7,182,,https://open.spotify.com/artist/0SqGJRXoeyljUgN43YWbRk
David Vunk,1GWOp8EQ7wk8PHp27u9FBJ,18,7007,"italo disco, italo dance, acid house, hi-nrg",https://open.spotify.com/artist/1GWOp8EQ7wk8PHp27u9FBJ
Katy Perry,6jJ0s89eD6GaHleKKya26X,87,37067882,pop,https://open.spotify.com/artist/6jJ0s89eD6GaHleKKya26X
Perdu,3JW4jIizZah2STNtdp1cWx,12,2108,"italo disco, italo dance, indie dance",https://open.spotify.com/artist/3JW4jIizZah2STNtdp1cWx
Gioachino Rossini,0roWUeP7Ac4yK4VN6L2gF4,56,245907,"classical, opera",https://open.spotify.com/artist/0roWUeP7Ac4yK4VN6L2gF4
Thomas Trax,18Tk3UtkVkpEc1bT2XD5X9,0,43,,https://open.spotify.com/artist/18Tk3UtkVkpEc1bT2XD5X9
Tjade,2XgDjvneRRotQu4r9lTRuh,29,4968,"hard house, eurodance, trance",https://open.spotify.com/artist/2XgDjvneRRotQu4r9lTRuh
Alvama Ice,7u3vbdqtash5J8vjtX6IcM,20,14822,,https://open.spotify.com/artist/7u3vbdqtash5J8vjtX6IcM
Weezer,3jOstUTkEu2JkjvRdBA5Gu,76,4270132,alternative rock,https://open.spotify.com/artist/3jOstUTkEu2JkjvRdBA5Gu
Anouk,6ltVunYjAAD70YtVO6rxvX,56,385485,nederpop,https://open.spotify.com/artist/6ltVunYjAAD70YtVO6rxvX
Bella Arino,7zP1EicEtgf409DZmnJ2dD,20,1403,,https://open.spotify.com/artist/7zP1EicEtgf409DZmnJ2dD
Incredible Bongo Band,6tw3wmGmRXSWP9GqsnvY7B,39,41417,breakbeat,https://open.spotify.com/artist/6tw3wmGmRXSWP9GqsnvY7B
CINTHIE,764H8zG8sTf5FPHWHW5bvh,36,25515,"acid techno, lo-fi house, disco house, house",https://open.spotify.com/artist/764H8zG8sTf5FPHWHW5bvh
Closet Yi,1iqgi3aRUSccnZK8K0oIGp,11,2355,,https://open.spotify.com/artist/1iqgi3aRUSccnZK8K0oIGp
Coco Jones,4DHLoiIqFYYFjH09WduvFd,69,677955,,https://open.spotify.com/artist/4DHLoiIqFYYFjH09WduvFd
Hitam,5EijOk6m2JyfSsAWWMLQ3n,12,2162,techno,https://open.spotify.com/artist/5EijOk6m2JyfSsAWWMLQ3n
Liam Palmer,0X08iR3Fp37Hoa9b1pjHnR,36,658,,https://open.spotify.com/artist/0X08iR3Fp37Hoa9b1pjHnR
Sem Jacobs,4IDxbXfz5yMK7OGD4sdRjt,55,11556,"house, tech house, jazz house",https://open.spotify.com/artist/4IDxbXfz5yMK7OGD4sdRjt
Alienata,2K1MT7PdganMZh0qVAIagm,1,834,breakbeat,https://open.spotify.com/artist/2K1MT7PdganMZh0qVAIagm
Deniro,5OoDtYl4zYEnvAtFSxqf2W,18,5650,"dub techno, techno",https://open.spotify.com/artist/5OoDtYl4zYEnvAtFSxqf2W
Thrills in +41,01jiJKQVab7tvsLFM9kfDT,1,441,acid house,https://open.spotify.com/artist/01jiJKQVab7tvsLFM9kfDT
stranger,2qp1ClsWGzaIUHRuferibB,13,6520,"acid techno, techno",https://open.spotify.com/artist/2qp1ClsWGzaIUHRuferibB
Dimi Angélis,3YhoBaF7QKoydRlkscsdtr,9,2606,"techno, dub techno",https://open.spotify.com/artist/3YhoBaF7QKoydRlkscsdtr
Lobster,5Ifip9weGPvNXjlaGTK2ME,12,1237,,https://open.spotify.com/artist/5Ifip9weGPvNXjlaGTK2ME
Nick Moore,7ukZgEvzF0YdF9vw8axy5h,18,7242,,https://open.spotify.com/artist/7ukZgEvzF0YdF9vw8axy5h
The Lady Machine,302BGj6HLRd3ZDZmX0U3Be,11,3047,techno,https://open.spotify.com/artist/302BGj6HLRd3ZDZmX0U3Be
Arp Frique,2Rm5Fw56mWmB0Pz0JPcOyb,26,5206,afrobeat,https://open.spotify.com/artist/2Rm5Fw56mWmB0Pz0JPcOyb
Berkan,4Y0MNPlNCGzbu3fs6s8eF2,6,136,"afro house, tribal house",https://open.spotify.com/artist/4Y0MNPlNCGzbu3fs6s8eF2
Bjarki,6FtSCON62H1CEJtN39y9yI,30,37118,"techno, acid techno, idm",https://open.spotify.com/artist/6FtSCON62H1CEJtN39y9yI
Boris,17NKG41JE8AjodqNS3E8nE,23,1978,,https://open.spotify.com/artist/17NKG41JE8AjodqNS3E8nE
Eileen Alister,2XPubfqZp6J4uEEJop2OL2,38,27248,,https://open.spotify.com/artist/2XPubfqZp6J4uEEJop2OL2
Falco Heres,4dflA5N934mR0czOqGw7wT,0,1,,https://open.spotify.com/artist/4dflA5N934mR0czOqGw7wT
kalley,1VfUR2Su5Ags5Im3mZGnPo,47,43133,"worship, christian",https://open.spotify.com/artist/1VfUR2Su5Ags5Im3mZGnPo
Nelly,2gBjLmx6zQnFGQJCAQpRgw,77,3444205,,https://open.spotify.com/artist/2gBjLmx6zQnFGQJCAQpRgw
Volruptus,4uDJetmKX6GhS4K91q1cbU,16,6490,"breakbeat, acid techno, miami bass, acid house, electro",https://open.spotify.com/artist/4uDJetmKX6GhS4K91q1cbU
Yung Dada,69G9yOls2tiws5DaLkXZnJ,24,2190,"alté, afrobeats, afrobeat, afropop",https://open.spotify.com/artist/69G9yOls2tiws5DaLkXZnJ
Abstract Division,6vJQQlRxEwIOVYv2NrmODp,11,6987,"techno, acid techno, minimal techno, dub techno",https://open.spotify.com/artist/6vJQQlRxEwIOVYv2NrmODp
Beau Didier,6glIE97GtgyY8jzlaxo9qZ,27,5063,hard house,https://open.spotify.com/artist/6glIE97GtgyY8jzlaxo9qZ
Davy Miller,6IJnF53ZflvzYhXijacqUi,0,65,,https://open.spotify.com/artist/6IJnF53ZflvzYhXijacqUi
Grace Dahl,0sjYkVBR192ZyleNslaZIB,18,3226,"acid techno, hard techno, techno",https://open.spotify.com/artist/0sjYkVBR192ZyleNslaZIB
Isaiah Rashad,6aaMZ3fcfLv4tEbmY7bjRM,70,1566653,,https://open.spotify.com/artist/6aaMZ3fcfLv4tEbmY7bjRM
Laura Van Hal,2TKpSBOWkSukvUQJBfY7gX,3,328,,https://open.spotify.com/artist/2TKpSBOWkSukvUQJBfY7gX
Nihad Tule,4WW5gN57jfdpuiTenY846O,3,865,"dub techno, techno",https://open.spotify.com/artist/4WW5gN57jfdpuiTenY846O
Paul Boex,2LjaqiIMAQ0LkG18WC1swo,0,120,,https://open.spotify.com/artist/2LjaqiIMAQ0LkG18WC1swo
Vromo,3FarDoYYSwmpATWQkJSrKt,15,849,hard house,https://open.spotify.com/artist/3FarDoYYSwmpATWQkJSrKt
Benny Rodrigues,30Wsrz7KrMvfufNEEwO5AD,18,8094,"acid house, techno",https://open.spotify.com/artist/30Wsrz7KrMvfufNEEwO5AD
De Sluwe Vos,6NOaZCnZyowwJiTHbh5dLS,30,11888,techno,https://open.spotify.com/artist/6NOaZCnZyowwJiTHbh5dLS
Estella Boersma,4UCy3TOuu2eA6zNY50JQSV,28,16718,"acid techno, hard techno, techno, breakbeat",https://open.spotify.com/artist/4UCy3TOuu2eA6zNY50JQSV
Julian Muller,5UWmNXxqHIUcpHEJCxDojK,32,14705,"techno, acid techno, hard techno, hard house",https://open.spotify.com/artist/5UWmNXxqHIUcpHEJCxDojK
Nick Edwards,66CpLcmXc2KqnD2g2TmGLO,23,3904,,https://open.spotify.com/artist/66CpLcmXc2KqnD2g2TmGLO
Acda en de Munnik,040Fqhc0l7a4MPeDx6cneh,56,161620,nederpop,https://open.spotify.com/artist/040Fqhc0l7a4MPeDx6cneh
Stef de Haan,6h4hz3Tbm4jV31NdOMhfpA,38,11504,"hard house, hypertechno",https://open.spotify.com/artist/6h4hz3Tbm4jV31NdOMhfpA
KA,7DpYMZzVNrjqw1geHziUEd,63,125472,,https://open.spotify.com/artist/7DpYMZzVNrjqw1geHziUEd
Cynthia Spiering,79OM7a2ey5mIcYnfGJUGnL,14,5022,"hard techno, techno",https://open.spotify.com/artist/79OM7a2ey5mIcYnfGJUGnL
Percy Sledge,3rRmDmzPcAFwcUDvG5gBqO,55,546812,"motown, soul",https://open.spotify.com/artist/3rRmDmzPcAFwcUDvG5gBqO
Somewhen,0k47nZgznsmnNkSIJvjbVy,43,26840,"hard techno, techno, acid techno",https://open.spotify.com/artist/0k47nZgznsmnNkSIJvjbVy
efdemin,6hjRjVNLWTCPYci9nxhI1G,33,45712,"dub techno, minimal techno",https://open.spotify.com/artist/6hjRjVNLWTCPYci9nxhI1G
Peter Van Hoesen,5DoTIfgEIXcZIluxsnvaVn,18,15741,"dub techno, techno, minimal techno",https://open.spotify.com/artist/5DoTIfgEIXcZIluxsnvaVn
Serti,0IIA4yUOCqm9IYErlnXh7M,1,183,,https://open.spotify.com/artist/0IIA4yUOCqm9IYErlnXh7M
Van Anh,21iZKLzj6EwVt5OGCLekjg,14,438,"vietnamese bolero, chicago house",https://open.spotify.com/artist/21iZKLzj6EwVt5OGCLekjg
Arthur Robert,03fCnnnuTnIahIcmQ8NjM4,26,7874,"techno, dub techno, minimal techno",https://open.spotify.com/artist/03fCnnnuTnIahIcmQ8NjM4
Ben Sims,5wW4dvR027rdRFG0mtvckt,27,47534,"techno, minimal techno",https://open.spotify.com/artist/5wW4dvR027rdRFG0mtvckt
Rosati,5iYxxJXYJuXZwEGoTkpAxd,15,1611,"dub techno, techno",https://open.spotify.com/artist/5iYxxJXYJuXZwEGoTkpAxd
Truncate,1JxLnEvBPdm9baryEFzE50,31,26834,"techno, minimal techno, dub techno, acid techno",https://open.spotify.com/artist/1JxLnEvBPdm9baryEFzE50
Call Super,1FVo44KTXqxo3JxXADWTd9,21,23504,idm,https://open.spotify.com/artist/1FVo44KTXqxo3JxXADWTd9
Kessler,3p0aq3vKGFP6N7rDc0UhJC,22,9533,"breakbeat, uk garage, jungle, idm",https://open.spotify.com/artist/3p0aq3vKGFP6N7rDc0UhJC
Saoirse,7AZxq55YIas0vYM7L82XKX,25,5757,,https://open.spotify.com/artist/7AZxq55YIas0vYM7L82XKX
Vuur & Zijde,3226Ri8nFxe4EecvuJKy4N,9,1957,black metal,https://open.spotify.com/artist/3226Ri8nFxe4EecvuJKy4N
Chris Stussy,3BxjasMelf9pKaE4f7Y0So,59,138900,"house, tech house",https://open.spotify.com/artist/3BxjasMelf9pKaE4f7Y0So
NEDDA SOU,7id11Nqr4nmM18QZCtpAt5,0,92,,https://open.spotify.com/artist/7id11Nqr4nmM18QZCtpAt5
Amor Satyr,3OSzUMBfUgBgJ23gVEqsIX,27,8518,"breakbeat, uk funky, singeli",https://open.spotify.com/artist/3OSzUMBfUgBgJ23gVEqsIX
Corridor,4nn9uUq4K1vStqxe8t1CD4,27,17806,jangle pop,https://open.spotify.com/artist/4nn9uUq4K1vStqxe8t1CD4
Marco Schuitmaker,5kukvi4C18gvtXbDS1eKjQ,59,111081,nederpop,https://open.spotify.com/artist/5kukvi4C18gvtXbDS1eKjQ
NVST,2i6CfgugNAcdvTpowum8sU,8,1159,"breakbeat, chinese indie",https://open.spotify.com/artist/2i6CfgugNAcdvTpowum8sU
Zohar Argov,3RUaBohZGA9vusdMDJBD1V,42,66199,mizrahi,https://open.spotify.com/artist/3RUaBohZGA9vusdMDJBD1V
Cem Adrian,2AWUCT9xtcvkjpFq1ZgpPj,64,3721512,"arabesk, turkish pop",https://open.spotify.com/artist/2AWUCT9xtcvkjpFq1ZgpPj
Carlos Valdés,4kzfbybgrUJKUMjDQb1UwQ,0,35,,https://open.spotify.com/artist/4kzfbybgrUJKUMjDQb1UwQ
Objekt,44z1nVVXZE8d4njcQmQLWc,27,50131,"idm, breakbeat",https://open.spotify.com/artist/44z1nVVXZE8d4njcQmQLWc
Nene H,3i7e7kVkTVFhkjYMfZoFoI,19,9128,"acid techno, techno, hard techno",https://open.spotify.com/artist/3i7e7kVkTVFhkjYMfZoFoI
Antal,0e1whBY5xv3rF7Zj5cxLD9,11,3643,,https://open.spotify.com/artist/0e1whBY5xv3rF7Zj5cxLD9
Ion Ludwig,6bvN0Nu7ytpG9HY8X2MNXU,12,8305,"dub techno, minimal techno",https://open.spotify.com/artist/6bvN0Nu7ytpG9HY8X2MNXU
Kikiorix,0RZk46qRKSxu7fKn2mTIoT,8,296,,https://open.spotify.com/artist/0RZk46qRKSxu7fKn2mTIoT
NRBARZ,6LDmYzjNGQ09siQyy11Mov,6,4633,jazz rap,https://open.spotify.com/artist/6LDmYzjNGQ09siQyy11Mov
Oscar Mulero,3jisZjR3TBVb9tIfTbRHTS,31,68226,"techno, minimal techno, dub techno, acid techno",https://open.spotify.com/artist/3jisZjR3TBVb9tIfTbRHTS
Palms Trax,52XSRQqTAfZ8ZrIqkQvQyA,35,67895,"lo-fi house, acid house",https://open.spotify.com/artist/52XSRQqTAfZ8ZrIqkQvQyA
Planetary Assault Systems,7umQgFrDu3yrchEbFfJd60,29,43440,"techno, acid house, minimal techno, dub techno, acid techno",https://open.spotify.com/artist/7umQgFrDu3yrchEbFfJd60
Raresh,7pFj4bGOtMJEBLbYrXlnHY,4,47,,https://open.spotify.com/artist/7pFj4bGOtMJEBLbYrXlnHY
Rhadoo,7w06C58Y8rJF6mJNLFrGaS,12,14854,"minimal techno, minimalism",https://open.spotify.com/artist/7w06C58Y8rJF6mJNLFrGaS
AGY3NA,5r5TJesghNKnQbqNEOwNC4,0,54,,https://open.spotify.com/artist/5r5TJesghNKnQbqNEOwNC4
Sedef Adasi,4jY1cwyuyqQATeSI16ZeYD,27,9521,"acid house, breakbeat",https://open.spotify.com/artist/4jY1cwyuyqQATeSI16ZeYD
THC,1SYGOtjedK1WEh5KOuOE0r,31,2205,moombahton,https://open.spotify.com/artist/1SYGOtjedK1WEh5KOuOE0r
DVS1,2xrOogbM0l6NzOSp4zZ3IP,28,43742,"techno, minimal techno, dub techno",https://open.spotify.com/artist/2xrOogbM0l6NzOSp4zZ3IP
FreddyK,2OtBRCuOzTunO9gEgb0Xxz,18,1784,,https://open.spotify.com/artist/2OtBRCuOzTunO9gEgb0Xxz
JakoJako,2ROWhaqtdj8ztIxWekIW4E,32,14031,"ambient, idm, dub techno",https://open.spotify.com/artist/2ROWhaqtdj8ztIxWekIW4E
Quelza,6LL2tELgb3Y6TcQdsBmXqS,19,5526,techno,https://open.spotify.com/artist/6LL2tELgb3Y6TcQdsBmXqS
Sandrien,1OhQuHtue5ufdnIbP4RpH7,4,1709,,https://open.spotify.com/artist/1OhQuHtue5ufdnIbP4RpH7
Shoal,4sI6oMtDoFCsQUskLfO3D3,10,1289,dub techno,https://open.spotify.com/artist/4sI6oMtDoFCsQUskLfO3D3
Human Space Machine,4RFDfvv92V0kXTftWMUMQb,14,2009,dub techno,https://open.spotify.com/artist/4RFDfvv92V0kXTftWMUMQb
Luke Slater,5BJa6TIqtoWm8QRRbfRmyt,26,29742,"acid house, idm, techno, minimal techno",https://open.spotify.com/artist/5BJa6TIqtoWm8QRRbfRmyt
PhaseOne,0mO3Yf5XIPHfAbHh8yWLFk,48,129437,"dubstep, deathstep, riddim, bass music, dub",https://open.spotify.com/artist/0mO3Yf5XIPHfAbHh8yWLFk
Blawan,64kN9EkSTHYhda2FupL0KI,31,68243,techno,https://open.spotify.com/artist/64kN9EkSTHYhda2FupL0KI
Bret Jackson,6yF4meDf4CqZXIiAYUgKAk,24,899,,https://open.spotify.com/artist/6yF4meDf4CqZXIiAYUgKAk
Karenn,4XbegMt5bk2X8R6b8z0vaX,19,20502,"techno, acid techno",https://open.spotify.com/artist/4XbegMt5bk2X8R6b8z0vaX
Konduku,64v9ctTSV0oUJeZTFBoosp,17,6196,"dub techno, idm",https://open.spotify.com/artist/64v9ctTSV0oUJeZTFBoosp
Pariah,0ZCB95QaI7Tgdnb2yU2iNg,25,15487,"uk funky, uk garage",https://open.spotify.com/artist/0ZCB95QaI7Tgdnb2yU2iNg
Polygonia,1bvMkEwyURFPl2eDGZieUm,29,13359,"dub techno, acid techno, idm",https://open.spotify.com/artist/1bvMkEwyURFPl2eDGZieUm
Dyed Soundorom,47Vd7Tq85XedkSFBCa3kIw,22,7833,minimal techno,https://open.spotify.com/artist/47Vd7Tq85XedkSFBCa3kIw
Maher Daniel,7pVmwDOzF9xvr24u9q9BqQ,11,1942,,https://open.spotify.com/artist/7pVmwDOzF9xvr24u9q9BqQ
Ricardo Villalobos,0s2YIpNnjdf0FY4tNrF8Y4,35,168309,"minimal techno, dub techno",https://open.spotify.com/artist/0s2YIpNnjdf0FY4tNrF8Y4
Seven Thorns,3eIyYEIqlW3kgJXfsU5nO0,16,2932,"power metal, melodic metal",https://open.spotify.com/artist/3eIyYEIqlW3kgJXfsU5nO0
Aleqs Notal,3NfDWSGUqHYSW4lAtRWlPF,8,1315,,https://open.spotify.com/artist/3NfDWSGUqHYSW4lAtRWlPF
Carista,7HbRQEEsvAKurr1v8YjwzZ,10,1380,,https://open.spotify.com/artist/7HbRQEEsvAKurr1v8YjwzZ
Charmaine,5cie6OioF2WHr2KflhcQGT,30,12250,,https://open.spotify.com/artist/5cie6OioF2WHr2KflhcQGT
Paula Tape,1Yz5x25z5WOjMGQkZ1TwKh,27,9040,,https://open.spotify.com/artist/1Yz5x25z5WOjMGQkZ1TwKh
Gigi Testa,5I0eeQFlAaCNHUmUDAfOND,9,797,,https://open.spotify.com/artist/5I0eeQFlAaCNHUmUDAfOND
Kaidi Tatham,1x2aM48UiN5WoQL6ISEPvz,35,22383,"nu jazz, indie jazz",https://open.spotify.com/artist/1x2aM48UiN5WoQL6ISEPvz
Patrick Gibin,0FgRjO8fiRubq6fh1WkcJI,6,499,,https://open.spotify.com/artist/0FgRjO8fiRubq6fh1WkcJI
Retromigration,52A6LhXGESSKtx5TIa2Kar,39,6111,"jazz house, lo-fi house, nu jazz",https://open.spotify.com/artist/52A6LhXGESSKtx5TIa2Kar
Volcov,1df3TJeTdVA1V99vwVLVTm,2,563,"jungle, nu jazz",https://open.spotify.com/artist/1df3TJeTdVA1V99vwVLVTm
Yukari Nonoshita,4mytSLGOv0gtoU80BrGg7G,26,526,,https://open.spotify.com/artist/4mytSLGOv0gtoU80BrGg7G
mafalda cardenal,1AsstJ8Cf7uQX92weRmZRz,58,135079,,https://open.spotify.com/artist/1AsstJ8Cf7uQX92weRmZRz
Suze ijó,2MMrwopTbNUL7mj1o9JfBo,6,112,,https://open.spotify.com/artist/2MMrwopTbNUL7mj1o9JfBo
moe.,2ZfHMUPrxoZNDTBPHmmdhj,42,147000,newgrass,https://open.spotify.com/artist/2ZfHMUPrxoZNDTBPHmmdhj
131bpm,3RYtFUGt7gnNuYeDu83zw6,16,1410,hard house,https://open.spotify.com/artist/3RYtFUGt7gnNuYeDu83zw6
DJ Hyperdrive,4SpabttFpFvc0lqr5gYPen,17,2483,hard house,https://open.spotify.com/artist/4SpabttFpFvc0lqr5gYPen
Peach Pit,6fC2AcsQtd9h4BWELbbire,65,862687,,https://open.spotify.com/artist/6fC2AcsQtd9h4BWELbbire
Dansado & De Feestmeester,1Mkig7lvNqKA8Z6QAKy8vG,30,886,,https://open.spotify.com/artist/1Mkig7lvNqKA8Z6QAKy8vG
Dax J,2zJJIWKT0LiwdxcwW9RajQ,33,66150,"acid techno, techno, hard techno, tekno, industrial",https://open.spotify.com/artist/2zJJIWKT0LiwdxcwW9RajQ
Hadone,4aSlYJptLO5PXv3jGueMkD,28,24645,"acid techno, hard techno, techno, tekno",https://open.spotify.com/artist/4aSlYJptLO5PXv3jGueMkD
Jarreau Vandal,6f96znq79wvlknKHHHhtTW,47,74094,,https://open.spotify.com/artist/6f96znq79wvlknKHHHhtTW
John Talabot,1YvN5uOGQkHVUUlZUcnotD,36,124689,,https://open.spotify.com/artist/1YvN5uOGQkHVUUlZUcnotD
LDS,6d9eyCKSzKbGK4bTM2erwG,20,4158,"dub techno, techno, acid techno",https://open.spotify.com/artist/6d9eyCKSzKbGK4bTM2erwG
Lolo Hefting,1QxuSoOeaBssFBysmaKc3F,36,178,,https://open.spotify.com/artist/1QxuSoOeaBssFBysmaKc3F
Monty DJ,2UXR52k1p8EXvqHAvkmzOZ,3,199,uk funky,https://open.spotify.com/artist/2UXR52k1p8EXvqHAvkmzOZ
Najel Monteiro,5iFMWShfv5HMVPgzQ1FLc2,4,327,,https://open.spotify.com/artist/5iFMWShfv5HMVPgzQ1FLc2
Nnamael,1fNmqQkonIiwUhTuiGLiiU,2,211,,https://open.spotify.com/artist/1fNmqQkonIiwUhTuiGLiiU
Efteling,2y1TgaVWL39MJOI15PTKAN,51,58824,children's music,https://open.spotify.com/artist/2y1TgaVWL39MJOI15PTKAN
Roza Terenzi,403OOa2mD7jcUgpC8F7Qgs,30,19700,"breakbeat, acid house",https://open.spotify.com/artist/403OOa2mD7jcUgpC8F7Qgs
Rozaly,3vM6mnAJT8zvmgnb0wUpYx,0,4,,https://open.spotify.com/artist/3vM6mnAJT8zvmgnb0wUpYx
DJ Stingray 313,7vZgYqMEApgWpMpXMSJj1o,19,22818,breakbeat,https://open.spotify.com/artist/7vZgYqMEApgWpMpXMSJj1o
Tsepo,2gH0kSs7X35Iigni2wpxeB,13,1091,uk funky,https://open.spotify.com/artist/2gH0kSs7X35Iigni2wpxeB
Umwelt,7FbwfcufReYcTNj2ut58gu,22,13235,"acid techno, ebm, breakbeat, idm",https://open.spotify.com/artist/7FbwfcufReYcTNj2ut58gu
DJ Daddy Trance,4lBSzo2LS8asEzoePv6VLM,58,26380,"hard house, hypertechno, eurodance, techno, trance",https://open.spotify.com/artist/4lBSzo2LS8asEzoePv6VLM
Gallery Provence,3D7lNLiP1WW2hwvNTgcYZC,42,2469,,https://open.spotify.com/artist/3D7lNLiP1WW2hwvNTgcYZC
MALUGI,50udUOTR7dQUgyPwPuCLM6,54,30104,"hard house, eurodance, trance, hypertechno, uk garage",https://open.spotify.com/artist/50udUOTR7dQUgyPwPuCLM6
Marlon Hoffstadt,0HHa7ZJZxUQlg5l2mB0N0f,64,151158,"hard house, eurodance, hypertechno, techno",https://open.spotify.com/artist/0HHa7ZJZxUQlg5l2mB0N0f
Moodymann,6pohviZSNRueSX7uNu63ZX,47,179494,"jazz house, chicago house, deep house",https://open.spotify.com/artist/6pohviZSNRueSX7uNu63ZX
Sanaz,6srwxN5xxZorX1b0iprT8i,1,206,,https://open.spotify.com/artist/6srwxN5xxZorX1b0iprT8i
Surf 2 Glory,1GQzSnBwaUlIdqFDiuktN3,21,1243,"hard house, eurodance, hypertechno",https://open.spotify.com/artist/1GQzSnBwaUlIdqFDiuktN3
Dangerous Dreaming,0vWXZcuwvJKsjqzpunhy4i,26,1033,"hard house, eurodance, trance",https://open.spotify.com/artist/0vWXZcuwvJKsjqzpunhy4i
Kevin,0IxgA9wO4Op3CSnPlhfwV1,65,192188,,https://open.spotify.com/artist/0IxgA9wO4Op3CSnPlhfwV1
Ferrari offG,0VlljnadDEDOcDVGTFQE8T,43,333,"trap funk, brazilian trap",https://open.spotify.com/artist/0VlljnadDEDOcDVGTFQE8T
Ben Hemsley,366L4EjZXBPYbHs9XDQILZ,52,59758,tech house,https://open.spotify.com/artist/366L4EjZXBPYbHs9XDQILZ
Benwal,38nG2aneQSUwlhbhXXZhxl,39,8623,"hard house, eurodance, trance, hypertechno",https://open.spotify.com/artist/38nG2aneQSUwlhbhXXZhxl
Eva Vrijdag,3GyXk7ngAyWtwhKiDLmAJw,17,764,"hard house, acid techno",https://open.spotify.com/artist/3GyXk7ngAyWtwhKiDLmAJw
Faustin,3IWLRKsSdrXlwUBsUQCujU,15,164,afro house,https://open.spotify.com/artist/3IWLRKsSdrXlwUBsUQCujU
Maruwa,6jvVhsNfiC1BXMtZHKpgHF,25,7367,"breakbeat, acid house, hard house",https://open.spotify.com/artist/6jvVhsNfiC1BXMtZHKpgHF
Special Guest DJ,4qbgLDIqPqGvyEznOUGWAD,12,402,,https://open.spotify.com/artist/4qbgLDIqPqGvyEznOUGWAD
ketia,5wDywA7AFhEJdVGCGrTay9,0,116,,https://open.spotify.com/artist/5wDywA7AFhEJdVGCGrTay9
Cincity,2JTUg3LgzJsqxzNnPB9hen,19,1981,afro house,https://open.spotify.com/artist/2JTUg3LgzJsqxzNnPB9hen
Dam Swindle,6hJtgCB3L5cnJSND7sp6GU,47,78197,"deep house, disco house, lo-fi house, funky house, jazz house, house, chicago house",https://open.spotify.com/artist/6hJtgCB3L5cnJSND7sp6GU
Mr. Scruff,2B0PgHZi2zaDqjKe86Gaip,45,168171,"electro swing, trip hop, nu jazz, downtempo, acid jazz",https://open.spotify.com/artist/2B0PgHZi2zaDqjKe86Gaip
Philou Louzolo,4zCYbkxFSNb6T2D2vFSg6C,32,8065,afro house,https://open.spotify.com/artist/4zCYbkxFSNb6T2D2vFSg6C
Bart Skils,6iWBjg4b4ll4jLiParnWXT,49,63529,"techno, minimal techno, tech house",https://open.spotify.com/artist/6iWBjg4b4ll4jLiParnWXT
Joyhauser,59a1Bp0JQfL2mGnpL0lW2Y,47,85167,"techno, acid techno, hard techno, tekno",https://open.spotify.com/artist/59a1Bp0JQfL2mGnpL0lW2Y
Myrath,72500XOYPw5e7OgFWuW2Gl,40,113407,"progressive metal, folk metal, power metal, symphonic metal, melodic metal, metal",https://open.spotify.com/artist/72500XOYPw5e7OgFWuW2Gl
Colyn,5vr1GvUstxr6nwxniKqLOh,51,89197,"melodic techno, melodic house, techno, progressive house",https://open.spotify.com/artist/5vr1GvUstxr6nwxniKqLOh
Ivory (IT),0H1va9wyZWImoOV4euIBcr,34,16846,"melodic techno, melodic house, indie dance",https://open.spotify.com/artist/0H1va9wyZWImoOV4euIBcr
Benjamin Berg,0SPnHadbGo2DYUTVtcBzUo,5,165,,https://open.spotify.com/artist/0SPnHadbGo2DYUTVtcBzUo
D Stone,54G5Bq4yKz8mwGYFsffne9,30,2291,disco house,https://open.spotify.com/artist/54G5Bq4yKz8mwGYFsffne9
Menesix,4g6OmxrDFvrYD0PS9Ki0fQ,41,7379,"tech house, house",https://open.spotify.com/artist/4g6OmxrDFvrYD0PS9Ki0fQ
Luuk Van Dijk,1KFfk3NtblIJtGEqyiR31t,49,38881,"tech house, house",https://open.spotify.com/artist/1KFfk3NtblIJtGEqyiR31t
Morgan Wallen,4oUHIQIBe0LHzYfvXNW4QM,92,12564722,country,https://open.spotify.com/artist/4oUHIQIBe0LHzYfvXNW4QM
NOACH,3wu6EvSSq2W8iDZcC7AHY5,0,17,,https://open.spotify.com/artist/3wu6EvSSq2W8iDZcC7AHY5
Paula Temple,4iy2RFU8gIpXF5yaK0l8ZT,26,57966,"techno, hard techno, acid techno, tekno, industrial",https://open.spotify.com/artist/4iy2RFU8gIpXF5yaK0l8ZT
Rossi.,7itMGcVGRKS43LcTQvJitf,47,27734,"tech house, house",https://open.spotify.com/artist/7itMGcVGRKS43LcTQvJitf
Running Hot,18QvrAlrBwNeoiAkXE1ikj,18,1348,"acid house, hard house",https://open.spotify.com/artist/18QvrAlrBwNeoiAkXE1ikj
Traumer,55qp3isnfx4ZKPHw5oP4eh,42,38298,"minimal techno, dub techno, tech house, minimalism",https://open.spotify.com/artist/55qp3isnfx4ZKPHw5oP4eh
Vera Grace,6wqGNZUYQB6BwzBg1HBG7J,10,1975,"hard techno, acid techno, industrial",https://open.spotify.com/artist/6wqGNZUYQB6BwzBg1HBG7J
u.r.trax,5bGQtNvk4LrSUTZGzBiZq5,21,9373,"acid techno, techno, hard techno",https://open.spotify.com/artist/5bGQtNvk4LrSUTZGzBiZq5
Zoë Tauran,5fg02ZNJViLdPyxJnRdcsi,61,63959,nederpop,https://open.spotify.com/artist/5fg02ZNJViLdPyxJnRdcsi
Folamour,6pJY5At9SiMpAOBrw9YosS,56,221401,"jazz house, lo-fi house, disco house, funky house",https://open.spotify.com/artist/6pJY5At9SiMpAOBrw9YosS
Marcel Dettmann,1sxHp39RqBEE01pgVqsdyP,34,81763,"techno, minimal techno, dub techno",https://open.spotify.com/artist/1sxHp39RqBEE01pgVqsdyP
Nena,6Tz0QRoe083BcOo2YbG9lV,65,519343,"neue deutsche welle, schlager, german pop",https://open.spotify.com/artist/6Tz0QRoe083BcOo2YbG9lV
Shanti Celeste,3CkM2290WOa2ESzhlu5mzM,36,31409,lo-fi house,https://open.spotify.com/artist/3CkM2290WOa2ESzhlu5mzM
Chloé Robinson,0Qpm94Bbsi44jMAXg0cI66,31,5127,,https://open.spotify.com/artist/0Qpm94Bbsi44jMAXg0cI66
Laidlaw,5dM5Wf7KnwQuqzJNbHqniz,11,1695,,https://open.spotify.com/artist/5dM5Wf7KnwQuqzJNbHqniz
NewTone,6xjjzzfzi4sSbwwZvRYENH,30,2292,hard house,https://open.spotify.com/artist/6xjjzzfzi4sSbwwZvRYENH
Narciss,7jEmLGxzh2RuOwdj96tlyL,45,25871,"hard house, eurodance, trance, hypertechno, techno",https://open.spotify.com/artist/7jEmLGxzh2RuOwdj96tlyL
Slimfit,5N8qQL1DidZbjaqsab2kIy,3,18,,https://open.spotify.com/artist/5N8qQL1DidZbjaqsab2kIy
Adam Pits,0vrrcYDODaghHDyxGZCIis,24,11057,"acid house, breakbeat",https://open.spotify.com/artist/0vrrcYDODaghHDyxGZCIis
Aretha Franklin,7nwUJBm0HE4ZxD3f5cy5ok,71,3676869,"soul, motown, jazz blues",https://open.spotify.com/artist/7nwUJBm0HE4ZxD3f5cy5ok
Marte Truyers,7Enfahh4SAX7E0V6OqLuOY,26,59,,https://open.spotify.com/artist/7Enfahh4SAX7E0V6OqLuOY
Oceanic,7sANqRox5nKK9vc7MZrg81,14,3294,,https://open.spotify.com/artist/7sANqRox5nKK9vc7MZrg81
Robert Bergman,4W5YdsRCiTX1iQxo8gK0z9,0,218,,https://open.spotify.com/artist/4W5YdsRCiTX1iQxo8gK0z9
Tammo Hesselink,476UnBjd8dIwacvae4WSDz,12,1939,"dub techno, breakbeat",https://open.spotify.com/artist/476UnBjd8dIwacvae4WSDz
Verity,3t6mfMqNdnHrH2dqAYDGZH,26,1729,,https://open.spotify.com/artist/3t6mfMqNdnHrH2dqAYDGZH
Virginia,5LlKDT1QsNNXrX6atoNDtP,29,4561,,https://open.spotify.com/artist/5LlKDT1QsNNXrX6atoNDtP
Cheche Cole,1vTh9OJHlNi1sYgUTsqYVI,31,514,latin hip hop,https://open.spotify.com/artist/1vTh9OJHlNi1sYgUTsqYVI
Chlär,3lJoRDjlvFXZLvSRVeM6m8,35,26665,"techno, hard techno, hard house",https://open.spotify.com/artist/3lJoRDjlvFXZLvSRVeM6m8
JSPRV35,1aTylOZDlVxIjwt9lDC69U,15,1611,techno,https://open.spotify.com/artist/1aTylOZDlVxIjwt9lDC69U
Feral,2TlxOsDtu4KuBpdrQctnyu,23,7175,"dub techno, minimal techno",https://open.spotify.com/artist/2TlxOsDtu4KuBpdrQctnyu
TAFKAMP,4GwxugFPFLGMIEF72P7uas,21,7196,"acid techno, techno, hard house",https://open.spotify.com/artist/4GwxugFPFLGMIEF72P7uas
Tasha Cobbs Leonard,5YxebzzreNswbtYC1td4cx,62,1462451,"gospel, worship",https://open.spotify.com/artist/5YxebzzreNswbtYC1td4cx
Martin Dams,6YrBilcLVNzp4EHK8Q6wFv,14,1954,polka,https://open.spotify.com/artist/6YrBilcLVNzp4EHK8Q6wFv
Chaos In The CBD,0QOQc6jEsPX5Y45TV0hXQy,55,119162,"jazz house, lo-fi house",https://open.spotify.com/artist/0QOQc6jEsPX5Y45TV0hXQy
Chrissie Hynde,2ozLlEZTdSV3pjHgWwZMsi,51,34850,,https://open.spotify.com/artist/2ozLlEZTdSV3pjHgWwZMsi
Daphni,4nhvb6x9ZhPiYCzrHDNia9,40,118661,,https://open.spotify.com/artist/4nhvb6x9ZhPiYCzrHDNia9
I-Roy,3sILhd3JYkhVDMy7CVhpZ7,27,37316,"roots reggae, dub, rocksteady, reggae",https://open.spotify.com/artist/3sILhd3JYkhVDMy7CVhpZ7
Marcal,6XVtxL4WRwoEqB1BpLel6y,27,10690,"techno, acid techno, minimal techno",https://open.spotify.com/artist/6XVtxL4WRwoEqB1BpLel6y
Margie Joseph,5pq13QK3UcktjZaDw6dJEc,25,13986,"philly soul, soul",https://open.spotify.com/artist/5pq13QK3UcktjZaDw6dJEc
Moxie,6PlM5XYg7qRRADpIIX1h6H,0,101,,https://open.spotify.com/artist/6PlM5XYg7qRRADpIIX1h6H
Sisi,6DM0KWyDnsqdKIfFvk6d8f,46,22717,,https://open.spotify.com/artist/6DM0KWyDnsqdKIfFvk6d8f
Baron Von Trax,0fwVrpm40ibmSV0BNqbQgT,38,7508,"hard house, eurodance, trance, hypertechno",https://open.spotify.com/artist/0fwVrpm40ibmSV0BNqbQgT
Crypton,592FgKnDnLHT1jLLLwGjR2,36,8821,"frenchcore, hardcore, hardstyle, speedcore, hardcore techno, gabber",https://open.spotify.com/artist/592FgKnDnLHT1jLLLwGjR2
DESIREE,6TZbLCcOCv1DJvN28x3FBa,43,15750,afro house,https://open.spotify.com/artist/6TZbLCcOCv1DJvN28x3FBa
DjRUM,4HwlolvniI44ETSg5tajeZ,49,74241,"idm, dub techno, breakbeat",https://open.spotify.com/artist/4HwlolvniI44ETSg5tajeZ
EMVE,45Qs6FjxLLm0OBpXGAxNFm,1,139,,https://open.spotify.com/artist/45Qs6FjxLLm0OBpXGAxNFm
DJ IP,7fv38XqMnjKou11W8jG4aK,39,1162,"hard house, eurodance, trance",https://open.spotify.com/artist/7fv38XqMnjKou11W8jG4aK
JASSS,4reMrexillTAvq1AQr6MzV,15,10809,,https://open.spotify.com/artist/4reMrexillTAvq1AQr6MzV
Lewis G. Burton,3t30xRbe1nnGpXULi1sjeD,0,414,techno,https://open.spotify.com/artist/3t30xRbe1nnGpXULi1sjeD
Moxes,3ShS1XN8tpmucRu7buuaiI,0,38,glitch,https://open.spotify.com/artist/3ShS1XN8tpmucRu7buuaiI
Normaal,2QU0ew2k2IZJifa8VWevSv,49,57211,"nederpop, polka",https://open.spotify.com/artist/2QU0ew2k2IZJifa8VWevSv
Schwesta Ewa,7jDSMakHqXFe8kIaXfz8jD,49,255044,german hip hop,https://open.spotify.com/artist/7jDSMakHqXFe8kIaXfz8jD
Soft Dream Music,7yQtgLEGul56KIdxMfnv6s,66,1383,,https://open.spotify.com/artist/7yQtgLEGul56KIdxMfnv6s
Spike Lee,5qcmkGlp3BbjQTGthwf6Yc,12,572,,https://open.spotify.com/artist/5qcmkGlp3BbjQTGthwf6Yc
Leonard Bernstein,2LmyJyCF5V1eQyvHgJNbTn,62,237257,"classical, orchestra",https://open.spotify.com/artist/2LmyJyCF5V1eQyvHgJNbTn
Yazzus,0KWutsZ75Y4GvjcPTFnKXU,19,3905,"breakbeat, footwork, jungle",https://open.spotify.com/artist/0KWutsZ75Y4GvjcPTFnKXU
Yones,4N17OhUwwkZyxTwkxS6eYN,0,584,,https://open.spotify.com/artist/4N17OhUwwkZyxTwkxS6eYN
Acidheaven,6EhHptnxSMTM4gHVHP5jwl,8,14,,https://open.spotify.com/artist/6EhHptnxSMTM4gHVHP5jwl
Ignez,35vEDafV45d7QN0D5rRwYV,28,8179,"techno, minimal techno",https://open.spotify.com/artist/35vEDafV45d7QN0D5rRwYV
Across Boundaries,05LFLggIBdr1eWwonERbmT,41,4951,house,https://open.spotify.com/artist/05LFLggIBdr1eWwonERbmT
Automatic Writing,2BuuBgZfD8ZaRB6MECRyQT,0,109,synthpop,https://open.spotify.com/artist/2BuuBgZfD8ZaRB6MECRyQT
Captain Jack,1b81zU0IfjHE8krv2IZ0Hf,51,96800,"eurodance, europop",https://open.spotify.com/artist/1b81zU0IfjHE8krv2IZ0Hf
Frank Haag,62p1aDUd9JydSGFqRSYZVz,1,334,lo-fi house,https://open.spotify.com/artist/62p1aDUd9JydSGFqRSYZVz
Gene On Earth,0nFTxvt33kxliqqvTXT2Hj,22,7590,"lo-fi house, acid house",https://open.spotify.com/artist/0nFTxvt33kxliqqvTXT2Hj
Arapu,5bryZtVQyNPDVvvHf10YUN,20,13274,"minimal techno, minimalism",https://open.spotify.com/artist/5bryZtVQyNPDVvvHf10YUN
Just Lauren,1VjYvpo2gVdeQQ3TXxfkyj,0,106,"breakbeat, indie dance",https://open.spotify.com/artist/1VjYvpo2gVdeQQ3TXxfkyj
Locklead,14X4Rn0s4EuGtizL0l8IIw,47,12656,"house, tech house",https://open.spotify.com/artist/14X4Rn0s4EuGtizL0l8IIw
Mathew Jonson,6PTy8QkZxHr7Thp8SPYE71,30,33127,"minimal techno, melodic techno, techno",https://open.spotify.com/artist/6PTy8QkZxHr7Thp8SPYE71
Massimiliano Pagliara,6rr6POhpIL25CJFS3o3Dym,32,16129,"italo disco, italo dance, indie dance, acid house",https://open.spotify.com/artist/6rr6POhpIL25CJFS3o3Dym
moopie,2vd6miEOLbHfh4JbXE13In,0,195,,https://open.spotify.com/artist/2vd6miEOLbHfh4JbXE13In
Recondite,1doQgXssRfKnLx70adszbK,42,137920,"melodic techno, minimal techno, techno",https://open.spotify.com/artist/1doQgXssRfKnLx70adszbK
Sonja Moonear,51LkkgmLryX5VSMNhVALeJ,11,6137,,https://open.spotify.com/artist/51LkkgmLryX5VSMNhVALeJ
Stella Zekri,4uc9QMFeaae8AFQEYVHVVf,0,25,,https://open.spotify.com/artist/4uc9QMFeaae8AFQEYVHVVf
VNTM,3OIINbAKKK2MjCiFEpEft3,29,8556,"melodic techno, techno, melodic house",https://open.spotify.com/artist/3OIINbAKKK2MjCiFEpEft3
Alex Dima,5GgryoT7gIwyLe9dN6l4DN,0,11,,https://open.spotify.com/artist/5GgryoT7gIwyLe9dN6l4DN
György Ligeti,1zb5zmIuX2lTbzcn7YeQlg,35,78226,avant-garde,https://open.spotify.com/artist/1zb5zmIuX2lTbzcn7YeQlg
Colin Benders,0InPKJ21u1TMt0hzF1Y4wz,22,17672,,https://open.spotify.com/artist/0InPKJ21u1TMt0hzF1Y4wz
Megan Leber,3cgCH6NmxtqBJ11v4da7fr,1,98,,https://open.spotify.com/artist/3cgCH6NmxtqBJ11v4da7fr
Bushbaby,6YYg4TQoF8cp50IuM2vU4C,44,22850,"uk garage, bassline, bass house, hard house",https://open.spotify.com/artist/6YYg4TQoF8cp50IuM2vU4C
Dissolver,23cvUX4pJLzBv3HrF12AqK,18,2306,"hard house, hard techno",https://open.spotify.com/artist/23cvUX4pJLzBv3HrF12AqK
Flansie,2BArfYNHUsUFaABc7WzoSI,37,9935,,https://open.spotify.com/artist/2BArfYNHUsUFaABc7WzoSI
DJ Gigola,7feJmqQ32fTIPKBmPXwHXf,51,50676,techno,https://open.spotify.com/artist/7feJmqQ32fTIPKBmPXwHXf
Krampf,1sP5vDxtN8qBPTVxmUAhU9,22,3276,"gabber, tekno",https://open.spotify.com/artist/1sP5vDxtN8qBPTVxmUAhU9
LB aka LABAT,02fHczhlgEBCCjzjsNvJAh,31,14444,hard house,https://open.spotify.com/artist/02fHczhlgEBCCjzjsNvJAh
MCR-T,4m7q9onIm2bqhwHy9utqmw,55,70912,"miami bass, gabber",https://open.spotify.com/artist/4m7q9onIm2bqhwHy9utqmw
Paul Seul,1sSdOYlIBpjKaysZ7BVVdi,46,7600,"gabber, tekno, techno",https://open.spotify.com/artist/1sSdOYlIBpjKaysZ7BVVdi
Yoshiko,4lSE8OyTMhErkE7OshR2Hq,44,12436,"frenchcore, hardcore, gabber, speedcore, hardstyle, hardcore techno",https://open.spotify.com/artist/4lSE8OyTMhErkE7OshR2Hq
Young Singh,78M6W8KESdpvPLW727L16R,5,1718,,https://open.spotify.com/artist/78M6W8KESdpvPLW727L16R
ANGELBOY,4qjQsJX96flrWG8LNqPK2N,25,743,,https://open.spotify.com/artist/4qjQsJX96flrWG8LNqPK2N
Altinbas,7bExzNVYdOn4SkrIXkqEyz,28,7718,"dub techno, techno",https://open.spotify.com/artist/7bExzNVYdOn4SkrIXkqEyz
Justine Perry,2KFKVQfg4ZoBeb1O5rFMdA,9,1073,,https://open.spotify.com/artist/2KFKVQfg4ZoBeb1O5rFMdA
Selena Gomez,0C8ZW7ezQVs4URX5aX7Kqx,87,52533881,pop,https://open.spotify.com/artist/0C8ZW7ezQVs4URX5aX7Kqx
Setaoc Mass,1VLqhTOnG3RulADitPNqLt,25,23185,"techno, acid techno, hard techno",https://open.spotify.com/artist/1VLqhTOnG3RulADitPNqLt
Amanda Mussi,6yoR3GxDnUclI3jI8exbvQ,4,1209,,https://open.spotify.com/artist/6yoR3GxDnUclI3jI8exbvQ
Chontane,6XMPensThku3eYzVDusYch,24,4334,techno,https://open.spotify.com/artist/6XMPensThku3eYzVDusYch
CRAVO,0h3LDqJWxHfdM76kVnfGcY,13,3466,techno,https://open.spotify.com/artist/0h3LDqJWxHfdM76kVnfGcY
Kaiser Chiefs,0LbLWjaweRbO4FDKYlbfNt,61,1366760,"britpop, indie rock",https://open.spotify.com/artist/0LbLWjaweRbO4FDKYlbfNt
Thomas P. Heckmann,4QLCqJ3RSF3y6DdvboPk9m,29,18348,"acid techno, techno, ebm, acid house",https://open.spotify.com/artist/4QLCqJ3RSF3y6DdvboPk9m
TOOL,2yEwvVSSSUkcLeSTNyHKh8,73,4242232,"progressive metal, alternative metal, progressive rock, metal",https://open.spotify.com/artist/2yEwvVSSSUkcLeSTNyHKh8
UVB,1LiE3TKOyCds5GgIaBRRRs,20,10754,"techno, acid techno, hard techno, industrial",https://open.spotify.com/artist/1LiE3TKOyCds5GgIaBRRRs
Village People,0dCKce6tJJdHvlWnDMwzPW,62,752551,disco,https://open.spotify.com/artist/0dCKce6tJJdHvlWnDMwzPW
Yanamaste,6zRdaJArenH7DjolPTm6hY,34,9841,techno,https://open.spotify.com/artist/6zRdaJArenH7DjolPTm6hY
Fish Tapes,7euCVXmDCBrkXgtvveWCNe,0,46,,https://open.spotify.com/artist/7euCVXmDCBrkXgtvveWCNe
DarWin,5dkLHW5y7w1CeHzazXdlmZ,30,19512,"progressive rock, progressive metal",https://open.spotify.com/artist/5dkLHW5y7w1CeHzazXdlmZ
Demi Riquísimo,1GIv2BGriYO1IdownXWWac,35,9481,"acid house, disco house, indie dance",https://open.spotify.com/artist/1GIv2BGriYO1IdownXWWac
Isabela Merced,2bIxak1AAD8wlDfMLnumUj,47,105788,,https://open.spotify.com/artist/2bIxak1AAD8wlDfMLnumUj
Jennifer Loveless,2Vsiki0qM11ADccRwwvS1c,23,5420,lo-fi house,https://open.spotify.com/artist/2Vsiki0qM11ADccRwwvS1c
Kyra Khaldi,1XdUGSCtHTC0sYrYoOLOHx,6,245,acid house,https://open.spotify.com/artist/1XdUGSCtHTC0sYrYoOLOHx
Maara,71tnaVVl10fbxBHN5Rcd4y,32,10443,"acid house, breakbeat",https://open.spotify.com/artist/71tnaVVl10fbxBHN5Rcd4y
Makam,2TOcbvWbyh2rWEKBdCwpUS,19,3234,"lo-fi house, dub techno, disco house",https://open.spotify.com/artist/2TOcbvWbyh2rWEKBdCwpUS
Matisa,18YBSDKYgR6so2I94gqUQ9,24,3774,,https://open.spotify.com/artist/18YBSDKYgR6so2I94gqUQ9
Manos Ploumidis,4r1euf31j7uns4VhxjORaf,13,142,,https://open.spotify.com/artist/4r1euf31j7uns4VhxjORaf
Suga Free,7AjokpCIqf0gHMZJlodw2k,50,417047,"g-funk, west coast hip hop, gangster rap",https://open.spotify.com/artist/7AjokpCIqf0gHMZJlodw2k
Tate McRae,45dkTj5sMRSjrmBSBeiHym,90,7700522,,https://open.spotify.com/artist/45dkTj5sMRSjrmBSBeiHym
Dario Zenker,60wKhfW52VMvP6IBU8uETF,7,2893,"dub techno, minimal techno",https://open.spotify.com/artist/60wKhfW52VMvP6IBU8uETF
Marco Zenker,0NUR5cdWSkpNAjDUnjAIgg,6,2256,"dub techno, minimal techno",https://open.spotify.com/artist/0NUR5cdWSkpNAjDUnjAIgg
DJ MELL G,2b7aFZjD6tpoR3fSDB9AoX,28,11159,"miami bass, breakbeat, g-house, footwork",https://open.spotify.com/artist/2b7aFZjD6tpoR3fSDB9AoX
Philippa,4EJbiuIFj2HwW8NJe1ttIX,20,1753,,https://open.spotify.com/artist/4EJbiuIFj2HwW8NJe1ttIX
Zenker Brothers,7cf2POBHeZly4brGaVWl2p,8,7618,,https://open.spotify.com/artist/7cf2POBHeZly4brGaVWl2p
Ae:ther,2Va4TMOAXwdFAcakAUNSsV,31,19090,"melodic techno, melodic house, techno",https://open.spotify.com/artist/2Va4TMOAXwdFAcakAUNSsV
Marino Canal,6qdVbTc8Uvy0VJyDZbYTd8,45,31416,"melodic techno, melodic house, techno",https://open.spotify.com/artist/6qdVbTc8Uvy0VJyDZbYTd8
Carmen Electro,3E4lvejBymu2NUcGjqLa6e,0,24,,https://open.spotify.com/artist/3E4lvejBymu2NUcGjqLa6e
Héctor Oaks,2FZAQdFEANNv5Gi29PI10x,37,43136,"techno, acid techno, hard techno",https://open.spotify.com/artist/2FZAQdFEANNv5Gi29PI10x
Not a headliner,4jWRXy7Z5ORXyhpjavyHDQ,12,1540,,https://open.spotify.com/artist/4jWRXy7Z5ORXyhpjavyHDQ
P.E.A.R.L.,1s7S35l63ARpog9NZrU4tB,19,8307,"techno, acid techno",https://open.spotify.com/artist/1s7S35l63ARpog9NZrU4tB
Dart,6osq4qbA2enSjbGxYviPgj,37,4442,hard house,https://open.spotify.com/artist/6osq4qbA2enSjbGxYviPgj
Emilija,5Yg2ZMGPDP0QLT5KPtBrkB,25,2440,,https://open.spotify.com/artist/5Yg2ZMGPDP0QLT5KPtBrkB
Jasper Tygner,2D7akgJBXcsp8Y2FKdPJCh,45,25832,"stutter house, lo-fi house",https://open.spotify.com/artist/2D7akgJBXcsp8Y2FKdPJCh
Mano Le Tough,04KmByEP6icXVY0PvJaMMp,40,82050,melodic techno,https://open.spotify.com/artist/04KmByEP6icXVY0PvJaMMp
Rozie,6hIUgEtBTZMmWTov4prByA,4,147,"hard house, eurodance",https://open.spotify.com/artist/6hIUgEtBTZMmWTov4prByA
Weval,12tZvy2xFpWSkuJ3FsfisZ,50,192832,,https://open.spotify.com/artist/12tZvy2xFpWSkuJ3FsfisZ
Mareena,1CryrWkZNf7uK8riKHTa6s,7,470,ambient,https://open.spotify.com/artist/1CryrWkZNf7uK8riKHTa6s
MZR,3gJo3XuIrVMRz9ydjmZwlB,9,438,,https://open.spotify.com/artist/3gJo3XuIrVMRz9ydjmZwlB
Speedy J,4zOEbGsiNi7qGWdyDv43gx,33,24348,idm,https://open.spotify.com/artist/4zOEbGsiNi7qGWdyDv43gx
Gerd Janson,4jLpm91Tyk2TRgv43bMfZO,43,37949,"disco house, indie dance, nu disco",https://open.spotify.com/artist/4jLpm91Tyk2TRgv43bMfZO
HAAi,0pkLgeB9j465x1QB2kRoy4,49,55558,,https://open.spotify.com/artist/0pkLgeB9j465x1QB2kRoy4
Konstantin Sibold,5Ls75umF4lBOQVp3pJAlbW,47,27126,"melodic techno, melodic house, techno",https://open.spotify.com/artist/5Ls75umF4lBOQVp3pJAlbW
Kyle Starkey,1crvHImsszKXTJr4wsOPhe,41,5289,"hard house, eurodance, trance",https://open.spotify.com/artist/1crvHImsszKXTJr4wsOPhe
Lin Cortés,3SBsCnbQ5q8bOW0uBcwG54,46,46893,"flamenco, flamenco pop, flamenco urbano",https://open.spotify.com/artist/3SBsCnbQ5q8bOW0uBcwG54
Spacer Woman,67FhwI60e0eCfogunrIi71,16,594,hard house,https://open.spotify.com/artist/67FhwI60e0eCfogunrIi71
Valeby,4NkpYofLN6Ui2uuGCVMRWb,4,114,hard house,https://open.spotify.com/artist/4NkpYofLN6Ui2uuGCVMRWb
Ryan Elliott,3SZBUeVJfGLUpAPNEQbBKk,19,10257,"dub techno, techno",https://open.spotify.com/artist/3SZBUeVJfGLUpAPNEQbBKk
Christian AB,4n1PeH8V6WAR4stTKmb3ey,12,1019,rally house,https://open.spotify.com/artist/4n1PeH8V6WAR4stTKmb3ey
Craig Richards,6EVc5gJQXiUl586m1NFCNH,15,7369,,https://open.spotify.com/artist/6EVc5gJQXiUl586m1NFCNH
Harry McCanna,6mfdByecMaqGMtNQGMoe20,1,89,,https://open.spotify.com/artist/6mfdByecMaqGMtNQGMoe20
Mystery Guest,2SiwiuGghbiWjdxiRf8BsC,0,214,,https://open.spotify.com/artist/2SiwiuGghbiWjdxiRf8BsC
Aida Arko,5j2swFp6NPSDgQlCNUCj0v,21,2686,"hard techno, acid techno, techno",https://open.spotify.com/artist/5j2swFp6NPSDgQlCNUCj0v
Florence Massea,5yQWB8vKn6fHtxHR0sx9FF,3,185,,https://open.spotify.com/artist/5yQWB8vKn6fHtxHR0sx9FF
Kahn,6X0Kd3L9wHWDzWU7cOgjW3,27,19980,"dubstep, dub, grime, bass music",https://open.spotify.com/artist/6X0Kd3L9wHWDzWU7cOgjW3
Neeka Kahnewal,5jjUGrIjn6MQ9YfQ96P9KF,0,4,,https://open.spotify.com/artist/5jjUGrIjn6MQ9YfQ96P9KF
King Shiloh,1MErrx2tvoB6nXjXTiwNTv,13,273,"dub, roots reggae",https://open.spotify.com/artist/1MErrx2tvoB6nXjXTiwNTv
Dr Quincys Mystical Sound Advice,7EGeOUtsfm4twhmz8Bcwa3,8,277,,https://open.spotify.com/artist/7EGeOUtsfm4twhmz8Bcwa3
NEEK,6df3Z4ytZyFOtXyvMAsvuK,46,22542,"hard techno, techno, tekno, hardcore techno",https://open.spotify.com/artist/6df3Z4ytZyFOtXyvMAsvuK
SOLIT,1VEfHMtuCcSecy38nVKJi8,6,129,"hard house, acid house",https://open.spotify.com/artist/1VEfHMtuCcSecy38nVKJi8
Vibronics,1nLw9CVpFRIjloeNQZteT3,37,36010,"dub, reggae, roots reggae, ragga",https://open.spotify.com/artist/1nLw9CVpFRIjloeNQZteT3
BSS (AMS),6ZNNn6WWgGY5JNRGleeohH,15,1339,,https://open.spotify.com/artist/6ZNNn6WWgGY5JNRGleeohH
Byron Yeates,4Pt24uijuBP8PsTmE62liN,17,1606,"acid house, hard house",https://open.spotify.com/artist/4Pt24uijuBP8PsTmE62liN
DJ Fuckoff,47fPXXrqnkQcaQ951UA3cm,34,18044,miami bass,https://open.spotify.com/artist/47fPXXrqnkQcaQ951UA3cm
Maey,060Zp8xagzHnDjKQ7cRDhQ,15,351,,https://open.spotify.com/artist/060Zp8xagzHnDjKQ7cRDhQ
The Kinks,1SQRv42e4PjEYfPhS0Tk9E,66,2743333,"proto-punk, baroque pop",https://open.spotify.com/artist/1SQRv42e4PjEYfPhS0Tk9E
Rod Wave,45TgXXqMDdF8BkjA83OM7z,79,9060347,,https://open.spotify.com/artist/45TgXXqMDdF8BkjA83OM7z
Sterac,2QFnCeEbTqsb0YUYpFl08v,17,9777,"dub techno, techno, minimal techno",https://open.spotify.com/artist/2QFnCeEbTqsb0YUYpFl08v
Benefits,5nrO8X72nFeyu3sqYIkskQ,27,6934,spoken word,https://open.spotify.com/artist/5nrO8X72nFeyu3sqYIkskQ
CAIVA,0VevbPTec9d8audiahBL3f,40,9254,"techno, acid techno, hard techno, hard house",https://open.spotify.com/artist/0VevbPTec9d8audiahBL3f
Styn,0vTPGCQGp2pkRUCXF8gEXd,30,3783,"lo-fi beats, lo-fi",https://open.spotify.com/artist/0vTPGCQGp2pkRUCXF8gEXd
Curol,334DQtGwD8Ic96L1RjIhzX,40,11819,"afro house, latin house, tribal house",https://open.spotify.com/artist/334DQtGwD8Ic96L1RjIhzX
MRD,1Ph1cqOn7flTxltVNis2l9,45,13270,,https://open.spotify.com/artist/1Ph1cqOn7flTxltVNis2l9
QUIQUE,44IF5iKnm06JFziiLsHpyJ,36,9774,,https://open.spotify.com/artist/44IF5iKnm06JFziiLsHpyJ
Swimming Paul,5rEwPEAHq2q1yW3wF4av5s,61,49856,stutter house,https://open.spotify.com/artist/5rEwPEAHq2q1yW3wF4av5s
Tinsley Ellis,56LMX8mqaIhJCaxjZBM1on,41,51969,"blues, blues rock, modern blues",https://open.spotify.com/artist/56LMX8mqaIhJCaxjZBM1on
Thys,6x8tZ30aFwdl50YjETAppR,30,13638,"uk garage, breakbeat, drumstep, idm",https://open.spotify.com/artist/6x8tZ30aFwdl50YjETAppR
Boris Acket,36t4piUxo6FPMAYjgR1mvL,8,1188,,https://open.spotify.com/artist/36t4piUxo6FPMAYjgR1mvL
Portraits Of Tracy,34QizBjxVeMcA5HlZpKxxE,45,23009,,https://open.spotify.com/artist/34QizBjxVeMcA5HlZpKxxE
ENEQUIST,1M0rpHpfbv5a55N2cx83Py,3,325,,https://open.spotify.com/artist/1M0rpHpfbv5a55N2cx83Py
Maarten Vos,0ebjSec5WcmJE7r09zDEE1,40,3548,neoclassical,https://open.spotify.com/artist/0ebjSec5WcmJE7r09zDEE1
Max Frimout,31hIuJeF6510cwQBPTW4z4,0,154,,https://open.spotify.com/artist/31hIuJeF6510cwQBPTW4z4
Robert Hood,5ipQlfnpRCtyOuhYqvPvQ8,33,72799,"minimal techno, techno, acid house, dub techno, acid techno",https://open.spotify.com/artist/5ipQlfnpRCtyOuhYqvPvQ8
East End Dubs,5nw8Cj9x9XXKDuuNhl5mF7,44,34120,tech house,https://open.spotify.com/artist/5nw8Cj9x9XXKDuuNhl5mF7
Dixon Dallas,2xmmjD4GfeJ5BRueLvPqec,52,207297,,https://open.spotify.com/artist/2xmmjD4GfeJ5BRueLvPqec
Janis Zielinski,0qqVoFZdP1OB0N9FkGfJ4D,43,6141,"hard house, eurodance, trance, hypertechno",https://open.spotify.com/artist/0qqVoFZdP1OB0N9FkGfJ4D
Lennart,43AQ7km11ZWj9An55MOHgP,7,717,"italo disco, italo dance, indie dance, ebm",https://open.spotify.com/artist/43AQ7km11ZWj9An55MOHgP
Lyrae,3gAchlmGcPBgEi4kcW1SLj,0,34,,https://open.spotify.com/artist/3gAchlmGcPBgEi4kcW1SLj
Miguel de Bois,05r3zF8qX4IK93M5PQoDPH,20,1181,"indie dance, italo disco, italo dance, hard house, ebm, hi-nrg",https://open.spotify.com/artist/05r3zF8qX4IK93M5PQoDPH
Ollie Lishman,266LAiHzDxPPRJldh2CPX0,40,7424,"hard house, eurodance, hypertechno",https://open.spotify.com/artist/266LAiHzDxPPRJldh2CPX0
Queen of Saba,26rDnlXGp18EMtbgV7OwsW,37,10494,,https://open.spotify.com/artist/26rDnlXGp18EMtbgV7OwsW
Rosa Red,6dEMtpyw9UH8w6w8vDHc6s,15,832,"acid house, indie dance",https://open.spotify.com/artist/6dEMtpyw9UH8w6w8vDHc6s
Sophia Violet,3IRC7BHlsmE57kbHaGSAsV,19,754,"uk garage, bassline",https://open.spotify.com/artist/3IRC7BHlsmE57kbHaGSAsV
Victor Ruiz,0xgdNNa5mIbnJKp8AG8S4z,46,143303,"techno, minimal techno, melodic techno, acid techno",https://open.spotify.com/artist/0xgdNNa5mIbnJKp8AG8S4z
A Strange Wedding,7L5f5NGmoYwuQC6FdxF2Rl,11,2333,downtempo,https://open.spotify.com/artist/7L5f5NGmoYwuQC6FdxF2Rl
Anetha,7sJ3ngSMvvXGdVLnODPqXa,38,79043,"acid techno, techno, hard techno, tekno",https://open.spotify.com/artist/7sJ3ngSMvvXGdVLnODPqXa
Kevin de Vries,11aPF3sc8lDWNqPVInm4Zx,55,145188,"melodic techno, techno, melodic house",https://open.spotify.com/artist/11aPF3sc8lDWNqPVInm4Zx
Leonie Meijer,2yAKMlQWwUyDSDly68F3ve,35,7979,"nederpop, hardstyle",https://open.spotify.com/artist/2yAKMlQWwUyDSDly68F3ve
Mac Declos,0e9hDO31D6ykXq2hDyjZgO,33,15088,"hard techno, techno, acid techno, tekno",https://open.spotify.com/artist/0e9hDO31D6ykXq2hDyjZgO
Veldhuis & Kemper,7GGgxLSNIydPOKgmijBy5U,44,63729,nederpop,https://open.spotify.com/artist/7GGgxLSNIydPOKgmijBy5U
Chris Liebing,21444lX8gpmOX36icLmbFI,35,115485,"techno, minimal techno, acid techno, hard techno",https://open.spotify.com/artist/21444lX8gpmOX36icLmbFI
Joris Voorn,4jGpKAmwvU263l0tUh4xKU,58,212927,"melodic techno, melodic house, deep house",https://open.spotify.com/artist/4jGpKAmwvU263l0tUh4xKU
Aystar,4HpnjNnqIjwItltmZJliMy,52,110820,"grime, drill, uk drill",https://open.spotify.com/artist/4HpnjNnqIjwItltmZJliMy
Hidde van Wee,3BhQ6qO6Y8Pxbok6yUWRwH,25,2375,,https://open.spotify.com/artist/3BhQ6qO6Y8Pxbok6yUWRwH
Motor City Drum Ensemble,4TlzX7s6kuZDtiBpsopcBf,36,91014,"jazz house, deep house, lo-fi house, chicago house, disco house, funky house",https://open.spotify.com/artist/4TlzX7s6kuZDtiBpsopcBf
Move D,3hwmrS8MSceZwnZYvZFf97,36,45569,"dub techno, jazz house, lo-fi house",https://open.spotify.com/artist/3hwmrS8MSceZwnZYvZFf97
Elliot Schooling,6kxjV47PkAw81io31d6OWu,37,2246,,https://open.spotify.com/artist/6kxjV47PkAw81io31d6OWu
Naomi Sharon,27WVFBOddxovimxMmBN4fb,59,120108,afro house,https://open.spotify.com/artist/27WVFBOddxovimxMmBN4fb
De Losse Flodders,2qXygCiNjwZZdrcBQfor46,28,1530,,https://open.spotify.com/artist/2qXygCiNjwZZdrcBQfor46
Partiboi69,0CutULGVZ24wOr1HHYoEOL,47,78585,"g-house, miami bass, hard house",https://open.spotify.com/artist/0CutULGVZ24wOr1HHYoEOL
AMÉMÉ,1txb9Qg5lJ3KATxPcIYyvO,51,27016,"afro house, latin house, tribal house, organic house",https://open.spotify.com/artist/1txb9Qg5lJ3KATxPcIYyvO
DJEFF,7h1PMdIjUn3sZM2sNz0SD4,34,20161,"afro house, kuduro, tribal house",https://open.spotify.com/artist/7h1PMdIjUn3sZM2sNz0SD4
Eli Verveine,3NmUSVxhwFwOWjjyMfGftW,0,17,,https://open.spotify.com/artist/3NmUSVxhwFwOWjjyMfGftW
Frank Wiedemann,1gbnoyNZEf6K9HytIv1D94,47,19944,,https://open.spotify.com/artist/1gbnoyNZEf6K9HytIv1D94
Jaden Thompson,0mdzsyApmam6OqNr4Z3vKQ,31,10651,tech house,https://open.spotify.com/artist/0mdzsyApmam6OqNr4Z3vKQ
Kristian Benedikt,2A067ML6fdiDthdrEj02Od,3,20,opera,https://open.spotify.com/artist/2A067ML6fdiDthdrEj02Od
Amelie Lens,5Ho1vKl1Uz8bJlk4vbmvmf,57,687380,"techno, acid techno, hard techno, tekno",https://open.spotify.com/artist/5Ho1vKl1Uz8bJlk4vbmvmf
Adam Beyer,1btv9qmIpbp7q1ixCYNdHu,55,351094,"techno, minimal techno, acid techno, tech house",https://open.spotify.com/artist/1btv9qmIpbp7q1ixCYNdHu
